# ************************************************************
# Sequel Ace SQL dump
# 版本号： 20089
#
# https://sequel-ace.com/
# https://github.com/Sequel-Ace/Sequel-Ace
#
# 主机: 127.0.0.1 (MySQL 9.2.0)
# 数据库: bill_zg
# 生成时间: 2025-05-25 16:10:01 +0000
# ************************************************************


/*!40101 SET @OLD_CHARACTER_SET_CLIENT=@@CHARACTER_SET_CLIENT */;
/*!40101 SET @OLD_CHARACTER_SET_RESULTS=@@CHARACTER_SET_RESULTS */;
/*!40101 SET @OLD_COLLATION_CONNECTION=@@COLLATION_CONNECTION */;
SET NAMES utf8mb4;
/*!40014 SET @OLD_FOREIGN_KEY_CHECKS=@@FOREIGN_KEY_CHECKS, FOREIGN_KEY_CHECKS=0 */;
/*!40101 SET @OLD_SQL_MODE='NO_AUTO_VALUE_ON_ZERO', SQL_MODE='NO_AUTO_VALUE_ON_ZERO' */;
/*!40111 SET @OLD_SQL_NOTES=@@SQL_NOTES, SQL_NOTES=0 */;


# 转储表 company
# ------------------------------------------------------------

DROP TABLE IF EXISTS `company`;

CREATE TABLE `company` (
  `id` int NOT NULL AUTO_INCREMENT,
  `name` varchar(255) NOT NULL,
  `address` varchar(255) NOT NULL,
  `phone` varchar(255) NOT NULL,
  `create_time` datetime(6) NOT NULL DEFAULT CURRENT_TIMESTAMP(6),
  `update_time` datetime(6) NOT NULL DEFAULT CURRENT_TIMESTAMP(6) ON UPDATE CURRENT_TIMESTAMP(6),
  `deletedDate` datetime(6) DEFAULT NULL,
  PRIMARY KEY (`id`)
) ENGINE=InnoDB DEFAULT CHARSET=utf8mb4 COLLATE=utf8mb4_0900_ai_ci;

LOCK TABLES `company` WRITE;
/*!40000 ALTER TABLE `company` DISABLE KEYS */;

INSERT INTO `company` (`id`, `name`, `address`, `phone`, `create_time`, `update_time`, `deletedDate`)
VALUES
	(10,'Coupang','ShangHai zhangjiang','13345678955','2025-03-13 21:22:16.832973','2025-04-01 10:49:53.000000',NULL),
	(11,'Coupang-1','shanghai zhangjiang','13564548667','2025-03-13 21:52:26.925798','2025-04-14 17:35:22.000000',NULL),
	(12,'上海昂贤科技有限公司','shanghai zhangjiang','13564548667','2025-04-14 21:18:29.114464','2025-04-14 21:18:29.114464',NULL);

/*!40000 ALTER TABLE `company` ENABLE KEYS */;
UNLOCK TABLES;


# 转储表 customer
# ------------------------------------------------------------

DROP TABLE IF EXISTS `customer`;

CREATE TABLE `customer` (
  `id` int NOT NULL AUTO_INCREMENT,
  `fullname` varchar(255) NOT NULL,
  `contact` varchar(255) NOT NULL,
  `phone` varchar(255) NOT NULL,
  `email` varchar(255) NOT NULL,
  `address` varchar(255) NOT NULL,
  `deliver` int NOT NULL DEFAULT '0',
  `level` int NOT NULL,
  `discount` int NOT NULL,
  `template` int NOT NULL,
  `no` varchar(255) NOT NULL,
  `desc` varchar(255) NOT NULL,
  `companyId` int DEFAULT NULL,
  `userId` int DEFAULT NULL,
  `create_time` datetime(6) NOT NULL DEFAULT CURRENT_TIMESTAMP(6),
  `update_time` datetime(6) NOT NULL DEFAULT CURRENT_TIMESTAMP(6) ON UPDATE CURRENT_TIMESTAMP(6),
  `deletedDate` datetime(6) DEFAULT NULL,
  `paytime` int DEFAULT '0',
  PRIMARY KEY (`id`)
) ENGINE=InnoDB DEFAULT CHARSET=utf8mb4 COLLATE=utf8mb4_0900_ai_ci;

LOCK TABLES `customer` WRITE;
/*!40000 ALTER TABLE `customer` DISABLE KEYS */;

INSERT INTO `customer` (`id`, `fullname`, `contact`, `phone`, `email`, `address`, `deliver`, `level`, `discount`, `template`, `no`, `desc`, `companyId`, `userId`, `create_time`, `update_time`, `deletedDate`, `paytime`)
VALUES
	(1,'客户A','','13564548667','','',0,1,100,1,'0','',12,6,'2025-04-14 22:02:04.711322','2025-04-14 22:02:04.711322',NULL,0),
	(2,'客户B','','13564548667','','',0,1,90,1,'0','',12,6,'2025-04-14 22:02:22.238268','2025-04-14 22:02:22.238268',NULL,0),
	(3,'客户C','','13564548667','','',0,1,90,1,'0','',12,6,'2025-04-14 22:02:33.718015','2025-04-14 22:02:33.718015',NULL,0);

/*!40000 ALTER TABLE `customer` ENABLE KEYS */;
UNLOCK TABLES;


# 转储表 menu
# ------------------------------------------------------------

DROP TABLE IF EXISTS `menu`;

CREATE TABLE `menu` (
  `id` int NOT NULL AUTO_INCREMENT,
  `label` varchar(255) NOT NULL,
  `name` varchar(255) NOT NULL,
  `icon` varchar(255) NOT NULL,
  `type` int NOT NULL,
  `route` varchar(255) NOT NULL,
  `order` int NOT NULL,
  `component` varchar(255) NOT NULL,
  `create_time` datetime(6) NOT NULL DEFAULT CURRENT_TIMESTAMP(6),
  `update_time` datetime(6) NOT NULL DEFAULT CURRENT_TIMESTAMP(6) ON UPDATE CURRENT_TIMESTAMP(6),
  `parentId` int DEFAULT NULL,
  PRIMARY KEY (`id`),
  KEY `FK_23ac1b81a7bfb85b14e86bd23a5` (`parentId`),
  CONSTRAINT `FK_23ac1b81a7bfb85b14e86bd23a5` FOREIGN KEY (`parentId`) REFERENCES `menu` (`id`)
) ENGINE=InnoDB DEFAULT CHARSET=utf8mb4 COLLATE=utf8mb4_0900_ai_ci;

LOCK TABLES `menu` WRITE;
/*!40000 ALTER TABLE `menu` DISABLE KEYS */;

INSERT INTO `menu` (`id`, `label`, `name`, `icon`, `type`, `route`, `order`, `component`, `create_time`, `update_time`, `parentId`)
VALUES
	(1,'sys.menu.workbench','Dashboard','',1,'dashboard',1,'/dashboard/workbench/index.tsx','2025-03-08 11:41:28.887279','2025-04-03 21:48:06.000000',NULL),
	(4,'sys.menu.management','Management','',0,'management',2,'','2025-03-08 11:41:28.896606','2025-04-03 21:45:52.000000',NULL),
	(8,'sys.menu.system.index','System','',0,'system',1,'','2025-03-08 11:41:28.902912','2025-03-08 11:41:28.902912',4),
	(10,'sys.menu.system.permission','Permission','',1,'permission',1,'/management/system/permission/index.tsx','2025-03-08 11:41:28.906014','2025-03-08 11:41:28.906014',8),
	(11,'sys.menu.system.role','Role','',1,'role',100,'/management/system/role/index.tsx','2025-03-08 11:41:28.907842','2025-03-16 01:01:24.000000',8),
	(12,'sys.menu.system.user','User','',1,'user',1,'/management/system/user/index.tsx','2025-03-08 11:41:28.909512','2025-03-08 11:41:28.909512',8),
	(38,'sys.menu.calendar','Calendar','solar:calendar-bold-duotone',1,'calendar',6,'/sys/others/calendar/index.tsx','2025-03-08 11:41:28.948108','2025-03-16 00:53:20.000000',NULL),
	(50,'sys.product.list','product list','',0,'products',1,'/management/user/product/index.tsx','2025-03-12 16:21:37.657012','2025-03-16 00:54:46.000000',NULL),
	(51,'sys.product.unit','product unit','',1,'products/unit',1,'/management/user/productUnit/index.tsx','2025-03-12 16:52:20.951854','2025-03-12 17:06:51.904334',50),
	(52,'sys.product.template','product template','',1,'products/template',1,'/management/user/productTemplate/index.tsx','2025-03-12 16:53:07.519749','2025-03-12 17:06:52.581020',50),
	(53,'sys.product.table','product ','',1,'products/dashboard',0,'/management/user/product/index.tsx','2025-03-12 17:03:59.528203','2025-03-12 17:06:53.197782',50),
	(54,'sys.product.category','product category','',1,'products/catetory',100,'/management/user/productCategory/index.tsx','2025-03-13 20:36:11.853902','2025-03-13 20:45:09.000000',50),
	(55,'sys.customer.title','客户管理','',0,'customer',1,'customer','2025-03-13 21:08:42.259786','2025-03-13 21:08:42.259786',NULL),
	(56,'sys.company.title','公司管理','',1,'company',100,'/management/system/company/index.tsx','2025-03-13 21:19:58.219147','2025-03-13 21:19:58.219147',8),
	(57,'sys.customer.list','客户管理','',1,'list',100,'/management/user/customer/index.tsx','2025-03-13 22:01:52.919649','2025-03-13 22:25:20.000000',55),
	(58,'sys.customer.detail','客户详情','',1,'detail/:id',100,'/management/user/customerDetail/index.tsx','2025-03-16 01:07:27.034247','2025-03-16 01:07:27.034247',55),
	(59,'sys.order.list','订单管理','',1,'orders',0,'/management/user/order/index.tsx','2025-03-22 00:24:22.107457','2025-04-03 21:46:27.000000',NULL),
	(60,'sys.order.bills','账单管理','',1,'bills',100,'/management/user/order/bills.tsx','2025-04-05 21:21:10.904829','2025-04-05 21:21:10.904829',NULL);

/*!40000 ALTER TABLE `menu` ENABLE KEYS */;
UNLOCK TABLES;


# 转储表 menu_closure
# ------------------------------------------------------------

DROP TABLE IF EXISTS `menu_closure`;

CREATE TABLE `menu_closure` (
  `id_ancestor` int NOT NULL,
  `id_descendant` int NOT NULL,
  PRIMARY KEY (`id_ancestor`,`id_descendant`),
  KEY `IDX_2547be0cdfeccb9221c68976fd` (`id_ancestor`),
  KEY `IDX_6a0038e7e00bb09a06ba3b1131` (`id_descendant`),
  CONSTRAINT `FK_2547be0cdfeccb9221c68976fd7` FOREIGN KEY (`id_ancestor`) REFERENCES `menu` (`id`) ON DELETE CASCADE,
  CONSTRAINT `FK_6a0038e7e00bb09a06ba3b11319` FOREIGN KEY (`id_descendant`) REFERENCES `menu` (`id`) ON DELETE CASCADE
) ENGINE=InnoDB DEFAULT CHARSET=utf8mb4 COLLATE=utf8mb4_0900_ai_ci;

LOCK TABLES `menu_closure` WRITE;
/*!40000 ALTER TABLE `menu_closure` DISABLE KEYS */;

INSERT INTO `menu_closure` (`id_ancestor`, `id_descendant`)
VALUES
	(1,1),
	(4,4),
	(4,8),
	(4,10),
	(4,11),
	(4,12),
	(4,56),
	(8,8),
	(8,10),
	(8,11),
	(8,12),
	(8,56),
	(10,10),
	(11,11),
	(12,12),
	(38,38),
	(50,50),
	(50,51),
	(50,52),
	(50,53),
	(50,54),
	(51,51),
	(52,52),
	(53,53),
	(54,54),
	(55,55),
	(55,57),
	(55,58),
	(56,56),
	(57,57),
	(58,58),
	(59,59),
	(60,60);

/*!40000 ALTER TABLE `menu_closure` ENABLE KEYS */;
UNLOCK TABLES;


# 转储表 order_category
# ------------------------------------------------------------

DROP TABLE IF EXISTS `order_category`;

CREATE TABLE `order_category` (
  `id` int NOT NULL AUTO_INCREMENT,
  `name` varchar(255) NOT NULL DEFAULT '',
  `orderId` int DEFAULT NULL,
  `create_time` datetime(6) NOT NULL DEFAULT CURRENT_TIMESTAMP(6),
  `update_time` datetime(6) NOT NULL DEFAULT CURRENT_TIMESTAMP(6) ON UPDATE CURRENT_TIMESTAMP(6),
  `categoryId` int DEFAULT NULL,
  PRIMARY KEY (`id`),
  KEY `FK_7b0dc85d93d9955706a6ce4a4f0` (`categoryId`),
  CONSTRAINT `FK_7b0dc85d93d9955706a6ce4a4f0` FOREIGN KEY (`categoryId`) REFERENCES `product_category` (`id`)
) ENGINE=InnoDB DEFAULT CHARSET=utf8mb4 COLLATE=utf8mb4_0900_ai_ci;

LOCK TABLES `order_category` WRITE;
/*!40000 ALTER TABLE `order_category` DISABLE KEYS */;

INSERT INTO `order_category` (`id`, `name`, `orderId`, `create_time`, `update_time`, `categoryId`)
VALUES
	(13,'胶装本',1,'2025-04-14 23:00:32.595996','2025-04-14 23:00:32.595996',NULL),
	(14,'胶装本',2,'2025-04-15 20:11:56.343428','2025-04-15 20:11:56.343428',NULL),
	(15,'胶装本',3,'2025-04-15 20:14:36.944489','2025-04-15 20:14:36.944489',NULL),
	(16,'胶装本',4,'2025-04-15 20:16:13.825020','2025-04-15 20:16:13.825020',NULL),
	(17,'胶装本',5,'2025-04-15 20:16:21.806859','2025-04-15 20:16:21.806859',NULL),
	(18,'圈装本',6,'2025-04-15 20:16:33.986310','2025-04-15 20:16:33.986310',NULL),
	(19,'胶装本',7,'2025-04-15 20:16:50.509636','2025-04-15 20:16:50.509636',NULL),
	(20,'圈装本',8,'2025-04-15 20:17:00.617489','2025-04-15 20:17:00.617489',NULL),
	(21,'胶装本',9,'2025-04-16 21:13:09.679348','2025-04-16 21:13:09.679348',NULL),
	(22,'胶装本',10,'2025-04-16 21:13:22.936908','2025-04-16 21:13:22.936908',NULL),
	(23,'胶装本',11,'2025-04-16 21:13:32.628034','2025-04-16 21:13:32.628034',NULL),
	(24,'胶装本',12,'2025-04-16 21:13:40.779760','2025-04-16 21:13:40.779760',NULL),
	(25,'圈装本',13,'2025-04-16 23:52:28.632350','2025-04-16 23:52:28.632350',NULL),
	(26,'圈装本',14,'2025-04-17 00:01:40.042258','2025-04-17 00:01:40.042258',NULL),
	(27,'圈装本',15,'2025-04-17 00:03:56.237990','2025-04-17 00:03:56.237990',NULL),
	(28,'分类2',15,'2025-04-17 00:03:56.244989','2025-04-17 00:03:56.244989',NULL);

/*!40000 ALTER TABLE `order_category` ENABLE KEYS */;
UNLOCK TABLES;


# 转储表 order_entity
# ------------------------------------------------------------

DROP TABLE IF EXISTS `order_entity`;

CREATE TABLE `order_entity` (
  `id` int NOT NULL AUTO_INCREMENT,
  `no` varchar(255) NOT NULL DEFAULT '',
  `desc` varchar(255) NOT NULL,
  `totalPrice` float NOT NULL,
  `discount` int NOT NULL,
  `companyId` int DEFAULT NULL,
  `userId` int DEFAULT NULL,
  `templateId` int DEFAULT NULL,
  `status` enum('0','1','2') NOT NULL DEFAULT '0',
  `create_time` datetime(6) NOT NULL DEFAULT CURRENT_TIMESTAMP(6),
  `update_time` datetime(6) NOT NULL DEFAULT CURRENT_TIMESTAMP(6) ON UPDATE CURRENT_TIMESTAMP(6),
  `delete_time` datetime(6) DEFAULT NULL,
  `customerId` int DEFAULT NULL,
  PRIMARY KEY (`id`),
  UNIQUE KEY `IDX_5646dec7dc337e5302c7f9d6ad` (`no`),
  KEY `FK_4480b7afbd07c9d3dfa5324862a` (`customerId`),
  KEY `FK_c5a748879aa004a90c8032cbf38` (`companyId`),
  KEY `FK_c8ab590f1e10afcf1637e71a71e` (`userId`),
  CONSTRAINT `FK_4480b7afbd07c9d3dfa5324862a` FOREIGN KEY (`customerId`) REFERENCES `customer` (`id`),
  CONSTRAINT `FK_c5a748879aa004a90c8032cbf38` FOREIGN KEY (`companyId`) REFERENCES `company` (`id`),
  CONSTRAINT `FK_c8ab590f1e10afcf1637e71a71e` FOREIGN KEY (`userId`) REFERENCES `user` (`id`)
) ENGINE=InnoDB DEFAULT CHARSET=utf8mb4 COLLATE=utf8mb4_0900_ai_ci;

LOCK TABLES `order_entity` WRITE;
/*!40000 ALTER TABLE `order_entity` DISABLE KEYS */;

INSERT INTO `order_entity` (`id`, `no`, `desc`, `totalPrice`, `discount`, `companyId`, `userId`, `templateId`, `status`, `create_time`, `update_time`, `delete_time`, `customerId`)
VALUES
	(1,'12-20250414_1','',13.419,90,12,6,1,'0','2025-04-14 22:45:37.089971','2025-04-14 23:00:32.000000',NULL,3),
	(2,'12-20250415_1','',1491,100,12,6,1,'0','2025-04-15 20:11:56.340176','2025-04-15 20:11:56.000000',NULL,1),
	(3,'12-20250415_2','',13.419,90,12,6,1,'1','2025-04-15 20:14:36.939928','2025-04-24 12:11:43.000000',NULL,2),
	(4,'12-20250415_3','',13.419,90,12,6,1,'0','2025-04-15 20:16:13.822375','2025-04-15 20:16:13.000000',NULL,2),
	(5,'12-20250415_4','',13.419,90,12,6,1,'0','2025-04-15 20:16:21.804224','2025-04-15 20:16:21.000000',NULL,2),
	(6,'12-20250415_5','',63.81,90,12,6,2,'1','2025-04-15 20:16:33.982983','2025-04-24 12:11:45.000000',NULL,2),
	(7,'12-20250415_6','',670.95,90,12,6,1,'0','2025-04-15 20:16:50.507721','2025-04-15 20:16:50.000000',NULL,2),
	(8,'12-20250415_7','',638.1,90,12,6,2,'0','2025-04-15 20:17:00.616229','2025-04-15 20:17:00.000000',NULL,3),
	(9,'12-20250416_1','',134.19,90,12,6,1,'0','2025-04-16 21:13:09.677361','2025-04-16 21:13:09.000000',NULL,3),
	(10,'12-20250416_2','',1341.9,90,12,6,1,'0','2025-04-16 21:13:22.934843','2025-04-16 21:13:22.000000',NULL,3),
	(11,'12-20250416_3','',13.419,90,12,6,1,'0','2025-04-16 21:13:32.625450','2025-04-16 21:13:32.000000',NULL,2),
	(12,'12-20250416_4','',14.91,100,12,6,1,'0','2025-04-16 21:13:40.777562','2025-04-16 21:13:40.000000',NULL,1),
	(13,'12-20250416_5','',6.381,90,12,6,2,'0','2025-04-16 23:52:28.627076','2025-04-16 23:52:28.000000',NULL,2),
	(14,'12-20250417_1','',7.09,100,12,6,2,'0','2025-04-17 00:01:40.037478','2025-04-17 00:01:40.000000',NULL,1),
	(15,'12-20250417_2','',10.701,90,12,6,2,'0','2025-04-17 00:03:56.231525','2025-04-17 00:03:56.000000',NULL,2);

/*!40000 ALTER TABLE `order_entity` ENABLE KEYS */;
UNLOCK TABLES;


# 转储表 order_products
# ------------------------------------------------------------

DROP TABLE IF EXISTS `order_products`;

CREATE TABLE `order_products` (
  `id` int NOT NULL AUTO_INCREMENT,
  `orderId` int NOT NULL,
  `productId` int NOT NULL,
  `name` varchar(255) NOT NULL,
  `price` float NOT NULL DEFAULT '0',
  `discount` int NOT NULL,
  `count` int NOT NULL,
  `times` int NOT NULL DEFAULT '0',
  `totalPrice` float NOT NULL DEFAULT '0',
  `create_time` datetime(6) NOT NULL DEFAULT CURRENT_TIMESTAMP(6),
  `update_time` datetime(6) NOT NULL DEFAULT CURRENT_TIMESTAMP(6) ON UPDATE CURRENT_TIMESTAMP(6),
  `productCategoryId` int DEFAULT NULL,
  `orderCategoryId` int DEFAULT NULL,
  PRIMARY KEY (`id`),
  KEY `FK_27ca18f2453639a1cafb7404ece` (`productId`),
  KEY `FK_b7b497ee70db8689fdad387b143` (`productCategoryId`),
  KEY `FK_3887544bab5496a18ed8aed7b34` (`orderCategoryId`),
  CONSTRAINT `FK_27ca18f2453639a1cafb7404ece` FOREIGN KEY (`productId`) REFERENCES `product` (`id`),
  CONSTRAINT `FK_3887544bab5496a18ed8aed7b34` FOREIGN KEY (`orderCategoryId`) REFERENCES `order_category` (`id`),
  CONSTRAINT `FK_b7b497ee70db8689fdad387b143` FOREIGN KEY (`productCategoryId`) REFERENCES `product_category` (`id`)
) ENGINE=InnoDB DEFAULT CHARSET=utf8mb4 COLLATE=utf8mb4_0900_ai_ci;

LOCK TABLES `order_products` WRITE;
/*!40000 ALTER TABLE `order_products` DISABLE KEYS */;

INSERT INTO `order_products` (`id`, `orderId`, `productId`, `name`, `price`, `discount`, `count`, `times`, `totalPrice`, `create_time`, `update_time`, `productCategoryId`, `orderCategoryId`)
VALUES
	(37,1,11,'铜版A4 250 ',3.2,100,1,1,3.2,'2025-04-14 23:00:32.598033','2025-04-14 23:00:32.000000',1,13),
	(38,1,2,'A4黑白双面',0.18,100,1,1,0.18,'2025-04-14 23:00:32.599622','2025-04-14 23:00:32.599622',1,13),
	(39,1,22,'胶装服务',11.53,100,1,1,11.53,'2025-04-14 23:00:32.601336','2025-04-14 23:00:32.601336',1,13),
	(40,2,11,'铜版A4 250 ',3.2,100,100,1,320,'2025-04-15 20:11:56.345602','2025-04-15 20:11:56.000000',1,14),
	(41,2,2,'A4黑白双面',0.18,100,100,1,18,'2025-04-15 20:11:56.348146','2025-04-15 20:11:56.348146',1,14),
	(42,2,22,'胶装服务',11.53,100,100,1,1153,'2025-04-15 20:11:56.350984','2025-04-15 20:11:56.350984',1,14),
	(43,3,11,'铜版A4 250 ',3.2,100,1,1,3.2,'2025-04-15 20:14:36.947722','2025-04-15 20:14:36.000000',1,15),
	(44,3,2,'A4黑白双面',0.18,100,1,1,0.18,'2025-04-15 20:14:36.951351','2025-04-15 20:14:36.951351',1,15),
	(45,3,22,'胶装服务',11.53,100,1,1,11.53,'2025-04-15 20:14:36.954951','2025-04-15 20:14:36.954951',1,15),
	(46,4,11,'铜版A4 250 ',3.2,100,1,1,3.2,'2025-04-15 20:16:13.826733','2025-04-15 20:16:13.000000',1,16),
	(47,4,2,'A4黑白双面',0.18,100,1,1,0.18,'2025-04-15 20:16:13.828507','2025-04-15 20:16:13.828507',1,16),
	(48,4,22,'胶装服务',11.53,100,1,1,11.53,'2025-04-15 20:16:13.830992','2025-04-15 20:16:13.830992',1,16),
	(49,5,11,'铜版A4 250 ',3.2,100,1,1,3.2,'2025-04-15 20:16:21.810293','2025-04-15 20:16:21.000000',1,17),
	(50,5,2,'A4黑白双面',0.18,100,1,1,0.18,'2025-04-15 20:16:21.814653','2025-04-15 20:16:21.814653',1,17),
	(51,5,22,'胶装服务',11.53,100,1,1,11.53,'2025-04-15 20:16:21.816756','2025-04-15 20:16:21.816756',1,17),
	(52,6,31,'磨砂PVC A款',0.79,100,20,1,15.8,'2025-04-15 20:16:33.987963','2025-04-15 20:16:33.000000',1,18),
	(53,6,2,'A4黑白双面',0.18,100,10,1,1.8,'2025-04-15 20:16:33.991898','2025-04-15 20:16:33.991898',1,18),
	(54,6,28,'圈装A款',5.33,100,10,1,53.3,'2025-04-15 20:16:33.993811','2025-04-15 20:16:33.993811',1,18),
	(55,7,11,'铜版A4 250 ',3.2,100,50,1,160,'2025-04-15 20:16:50.511591','2025-04-15 20:16:50.000000',1,19),
	(56,7,2,'A4黑白双面',0.18,100,50,1,9,'2025-04-15 20:16:50.514156','2025-04-15 20:16:50.514156',1,19),
	(57,7,22,'胶装服务',11.53,100,50,1,576.5,'2025-04-15 20:16:50.516230','2025-04-15 20:16:50.516230',1,19),
	(58,8,31,'磨砂PVC A款',0.79,100,200,1,158,'2025-04-15 20:17:00.618522','2025-04-15 20:17:00.000000',1,20),
	(59,8,2,'A4黑白双面',0.18,100,100,1,18,'2025-04-15 20:17:00.619690','2025-04-15 20:17:00.619690',1,20),
	(60,8,28,'圈装A款',5.33,100,100,1,533,'2025-04-15 20:17:00.621285','2025-04-15 20:17:00.621285',1,20),
	(61,9,11,'铜版A4 250 ',3.2,100,10,1,32,'2025-04-16 21:13:09.680811','2025-04-16 21:13:09.000000',1,21),
	(62,9,2,'A4黑白双面',0.18,100,10,1,1.8,'2025-04-16 21:13:09.682355','2025-04-16 21:13:09.682355',1,21),
	(63,9,22,'胶装服务',11.53,100,10,1,115.3,'2025-04-16 21:13:09.684660','2025-04-16 21:13:09.684660',1,21),
	(64,10,11,'铜版A4 250 ',3.2,100,100,1,320,'2025-04-16 21:13:22.939109','2025-04-16 21:13:22.000000',1,22),
	(65,10,2,'A4黑白双面',0.18,100,100,1,18,'2025-04-16 21:13:22.941899','2025-04-16 21:13:22.941899',1,22),
	(66,10,22,'胶装服务',11.53,100,100,1,1153,'2025-04-16 21:13:22.944990','2025-04-16 21:13:22.944990',1,22),
	(67,11,11,'铜版A4 250 ',3.2,100,1,1,3.2,'2025-04-16 21:13:32.630586','2025-04-16 21:13:32.000000',1,23),
	(68,11,2,'A4黑白双面',0.18,100,1,1,0.18,'2025-04-16 21:13:32.632552','2025-04-16 21:13:32.632552',1,23),
	(69,11,22,'胶装服务',11.53,100,1,1,11.53,'2025-04-16 21:13:32.634328','2025-04-16 21:13:32.634328',1,23),
	(70,12,11,'铜版A4 250 ',3.2,100,1,1,3.2,'2025-04-16 21:13:40.781702','2025-04-16 21:13:40.000000',1,24),
	(71,12,2,'A4黑白双面',0.18,100,1,1,0.18,'2025-04-16 21:13:40.783384','2025-04-16 21:13:40.783384',1,24),
	(72,12,22,'胶装服务',11.53,100,1,1,11.53,'2025-04-16 21:13:40.785175','2025-04-16 21:13:40.785175',1,24),
	(73,13,31,'磨砂PVC A款',0.79,100,2,1,1.58,'2025-04-16 23:52:28.635236','2025-04-16 23:52:28.000000',1,25),
	(74,13,2,'A4黑白双面',0.18,100,1,1,0.18,'2025-04-16 23:52:28.637524','2025-04-16 23:52:28.637524',1,25),
	(75,13,28,'圈装A款',5.33,100,1,1,5.33,'2025-04-16 23:52:28.640260','2025-04-16 23:52:28.640260',1,25),
	(76,14,31,'磨砂PVC A款',0.79,100,2,1,1.58,'2025-04-17 00:01:40.043947','2025-04-17 00:01:40.000000',1,26),
	(77,14,2,'A4黑白双面',0.18,100,1,1,0.18,'2025-04-17 00:01:40.046077','2025-04-17 00:01:40.046077',1,26),
	(78,14,28,'圈装A款',5.33,100,1,1,5.33,'2025-04-17 00:01:40.047626','2025-04-17 00:01:40.047626',1,26),
	(79,15,31,'磨砂PVC A款',0.79,100,2,1,1.58,'2025-04-17 00:03:56.240225','2025-04-17 00:03:56.000000',1,27),
	(80,15,2,'A4黑白双面',0.18,100,1,1,0.18,'2025-04-17 00:03:56.241867','2025-04-17 00:03:56.241867',1,27),
	(81,15,28,'圈装A款',5.33,100,1,1,5.33,'2025-04-17 00:03:56.243368','2025-04-17 00:03:56.243368',1,27),
	(82,15,4,'A4彩色双面',1.56,100,1,1,1.56,'2025-04-17 00:03:56.244726','2025-04-17 00:03:56.244726',1,27),
	(83,15,3,'A4彩色单面',1.62,100,1,1,1.62,'2025-04-17 00:03:56.246202','2025-04-17 00:03:56.000000',1,28),
	(84,15,3,'A4彩色单面',1.62,100,1,1,1.62,'2025-04-17 00:03:56.247489','2025-04-17 00:03:56.247489',1,28);

/*!40000 ALTER TABLE `order_products` ENABLE KEYS */;
UNLOCK TABLES;


# 转储表 product
# ------------------------------------------------------------

DROP TABLE IF EXISTS `product`;

CREATE TABLE `product` (
  `id` int NOT NULL AUTO_INCREMENT,
  `name` varchar(255) NOT NULL,
  `label` varchar(255) NOT NULL,
  `desc` varchar(255) NOT NULL,
  `price` float NOT NULL,
  `cost` float NOT NULL,
  `companyId` int DEFAULT NULL,
  `userId` int DEFAULT NULL,
  `create_time` datetime(6) NOT NULL DEFAULT CURRENT_TIMESTAMP(6),
  `update_time` datetime(6) NOT NULL DEFAULT CURRENT_TIMESTAMP(6) ON UPDATE CURRENT_TIMESTAMP(6),
  `deletedDate` datetime(6) DEFAULT NULL,
  `unitId` int DEFAULT NULL,
  PRIMARY KEY (`id`),
  KEY `FK_2ee96d5eff55f14a6e37470b782` (`unitId`),
  CONSTRAINT `FK_2ee96d5eff55f14a6e37470b782` FOREIGN KEY (`unitId`) REFERENCES `product_unit` (`id`)
) ENGINE=InnoDB DEFAULT CHARSET=utf8mb4 COLLATE=utf8mb4_0900_ai_ci;

LOCK TABLES `product` WRITE;
/*!40000 ALTER TABLE `product` DISABLE KEYS */;

INSERT INTO `product` (`id`, `name`, `label`, `desc`, `price`, `cost`, `companyId`, `userId`, `create_time`, `update_time`, `deletedDate`, `unitId`)
VALUES
	(1,'A4黑白单面','A4黑白单面','元/P',0.22,0.192,12,6,'2025-04-14 21:58:08.921694','2025-04-14 21:58:08.921694',NULL,1),
	(2,'A4黑白双面','A4黑白双面','元/P',0.18,0.155,12,6,'2025-04-14 21:58:08.922326','2025-04-14 21:58:08.922326',NULL,1),
	(3,'A4彩色单面','A4彩色单面','元/P',1.62,1.43,12,6,'2025-04-14 21:58:08.922794','2025-04-14 21:58:08.922794',NULL,1),
	(4,'A4彩色双面','A4彩色双面','元/P',1.56,1.38,12,6,'2025-04-14 21:58:08.923380','2025-04-14 21:58:08.923380',NULL,1),
	(5,'彩单A3D','彩单A3D','DoubleA复印纸 80g A3',3.39,3,12,6,'2025-04-14 21:58:08.923760','2025-04-14 21:58:08.923760',NULL,1),
	(6,'彩单A3','彩单A3','元/P',3.12,2.76,12,6,'2025-04-14 21:58:08.924089','2025-04-14 21:58:08.924089',NULL,1),
	(7,'铜版A3 200','铜版A3 200','元/P',4.52,4,12,6,'2025-04-14 21:58:08.924545','2025-04-14 21:58:08.924545',NULL,1),
	(8,'铜版A3 250','铜版A3 250','元/P',5.11,4.52,12,6,'2025-04-14 21:58:08.924875','2025-04-14 21:58:08.924875',NULL,1),
	(9,'铜版A3+ 250','铜版A3+ 250','元/P',5.11,4.52,12,6,'2025-04-14 21:58:08.925181','2025-04-14 21:58:08.925181',NULL,1),
	(10,'铜版A3 300','铜版A3 300','元/P',5.11,4.52,12,6,'2025-04-14 21:58:08.925484','2025-04-14 21:58:08.925484',NULL,1),
	(11,'铜版A4 250 ','铜版A4 250 ','元/P',3.2,2.26,12,6,'2025-04-14 21:58:08.925840','2025-04-14 21:58:08.925840',NULL,1),
	(12,'彩激A3 100','彩激A3 100','彩激纸 100g A3 单面',3.39,3,12,6,'2025-04-14 21:58:08.926213','2025-04-14 21:58:08.926213',NULL,1),
	(13,'彩激A3 120','彩激A3 120','彩激纸 120g A3 单面',3.62,3.2,12,6,'2025-04-14 21:58:08.926562','2025-04-14 21:58:08.926562',NULL,1),
	(14,'彩激A4 80','彩激A4 80','彩激纸 80g A4 单面',1.62,1.43,12,6,'2025-04-14 21:58:08.927014','2025-04-14 21:58:08.927014',NULL,1),
	(15,'复写纸 80克','复写纸 80克','80g',1.11,0.98,12,6,'2025-04-14 21:58:08.927480','2025-04-14 21:58:08.927480',NULL,1),
	(16,'彩激封面胶装','彩激封面胶装','A3 250g 铜版纸 不覆膜 单面印刷',5.11,4.52,12,6,'2025-04-14 21:58:08.927814','2025-04-14 21:58:08.927814',NULL,1),
	(17,'皮纹封面胶装','皮纹封面胶装','250g彩色皮纹纸，单面印',5.11,4.52,12,6,'2025-04-14 21:58:08.928123','2025-04-14 21:58:08.928123',NULL,1),
	(18,'彩激封面胶装A款','彩激封面胶装A款','A4 250g铜版纸',11.53,10.2,12,6,'2025-04-14 21:58:08.928419','2025-04-14 21:58:08.928419',NULL,2),
	(19,'彩激封面胶装B款','彩激封面胶装B款','A4 250g铜版纸，覆亚膜或亮膜',12.77,11.3,12,6,'2025-04-14 21:58:08.928720','2025-04-14 21:58:08.928720',NULL,2),
	(20,'皮纹封面胶装C款','皮纹封面胶装C款','A4 250g铜版纸',11.53,10.2,12,6,'2025-04-14 21:58:08.929079','2025-04-14 21:58:08.929079',NULL,2),
	(21,'皮纹封面胶装A款','皮纹封面胶装A款','A4 250g彩色皮纹纸',12.77,11.3,12,6,'2025-04-14 21:58:08.929372','2025-04-14 21:58:08.929372',NULL,2),
	(22,'胶装服务','胶装服务','元/本',11.53,10.2,12,6,'2025-04-14 21:58:08.929687','2025-04-14 21:58:08.929687',NULL,2),
	(23,'骑马订','骑马订','元/本',3.2,2.83,12,6,'2025-04-14 21:58:08.929976','2025-04-14 21:58:08.929976',NULL,2),
	(24,'平钉','平钉','元/本',1.07,0.94,12,6,'2025-04-14 21:58:08.930256','2025-04-14 21:58:08.930256',NULL,2),
	(25,'两孔夹','两孔夹','元/本',2.67,2.36,12,6,'2025-04-14 21:58:08.930533','2025-04-14 21:58:08.930533',NULL,2),
	(26,'塑料原子夹','塑料原子夹','元/本',3.2,2.83,12,6,'2025-04-14 21:58:08.930807','2025-04-14 21:58:08.930807',NULL,2),
	(27,'自锁夹条','自锁夹条','元/根',5.65,5,12,6,'2025-04-14 21:58:08.931273','2025-04-14 21:58:08.931273',NULL,3),
	(28,'圈装A款','圈装A款','元/本',5.33,4.72,12,6,'2025-04-14 21:58:08.931675','2025-04-14 21:58:08.931675',NULL,2),
	(29,'圈装B款','圈装B款','元/本',5.33,4.72,12,6,'2025-04-14 21:58:08.932088','2025-04-14 21:58:08.932088',NULL,2),
	(30,'磨砂PVC B款','磨砂PVC B款','元/本',1.49,1.32,12,6,'2025-04-14 21:58:08.932428','2025-04-14 21:58:08.932428',NULL,2),
	(31,'磨砂PVC A款','磨砂PVC A款','元/张',0.79,0.7,12,6,'2025-04-14 21:58:08.932737','2025-04-14 21:58:08.932737',NULL,4),
	(32,'A4哑粉纸','A4哑粉纸','元/张',2.55,2.26,12,6,'2025-04-14 21:58:08.933012','2025-04-14 21:58:08.933012',NULL,4),
	(33,'A5哑粉纸','A5哑粉纸','元/张',1.2769,1.13,12,6,'2025-04-14 21:58:08.933297','2025-04-14 21:58:08.933297',NULL,4),
	(34,'精装','精装','对裱精装',58.63,51.89,12,6,'2025-04-14 21:58:08.933763','2025-04-14 21:58:08.933763',NULL,2),
	(35,'粉红色隔页纸','粉红色隔页纸','元/张',0.12,0.11,12,6,'2025-04-14 21:58:08.934086','2025-04-14 21:58:08.934086',NULL,4),
	(36,'蓝色隔页纸','蓝色隔页纸','元/张',0.12,0.11,12,6,'2025-04-14 21:58:08.934403','2025-04-14 21:58:08.934403',NULL,4),
	(37,'塑封A4','塑封A4','塑封不含内页',5.33,4.72,12,6,'2025-04-14 21:58:08.934697','2025-04-14 21:58:08.934697',NULL,4),
	(38,'塑封A5&A6','塑封A5&A6','塑封不含内页',4.47,3.96,12,6,'2025-04-14 21:58:08.935031','2025-04-14 21:58:08.935031',NULL,4),
	(39,'打孔','打孔','100P',1.06,0.94,12,6,'2025-04-14 21:58:08.935360','2025-04-14 21:58:08.935360',NULL,5),
	(40,'左侧上下钉','左侧上下钉','两个',1.06,0.94,12,6,'2025-04-14 21:58:08.935690','2025-04-14 21:58:08.935690',NULL,6),
	(41,'左侧一钉','左侧一钉','单个',0.53,0.47,12,6,'2025-04-14 21:58:08.936053','2025-04-14 21:58:08.936053',NULL,6),
	(42,'侧标','侧标','铜版250g',1.28,1.13,12,6,'2025-04-14 21:58:08.936364','2025-04-14 21:58:08.936364',NULL,4),
	(43,'封面+侧标','封面+侧标','铜版250g',5.09,4.5,12,6,'2025-04-14 21:58:08.936781','2025-04-14 21:58:08.936781',NULL,7),
	(44,'对折卡','对折卡','250g铜板，双面彩印，塑封',4.41,3.9,12,6,'2025-04-14 21:58:08.937074','2025-04-14 21:58:08.937074',NULL,6),
	(45,'袖珍卡','袖珍卡','250g铜板，双面彩印，塑封',2.55,2.26,12,6,'2025-04-14 21:58:08.937358','2025-04-14 21:58:08.937358',NULL,6),
	(46,'三折卡','三折卡','250g铜板，双面彩印，塑封',8.81,7.8,12,6,'2025-04-14 21:58:08.937640','2025-04-14 21:58:08.937640',NULL,6),
	(47,'扇形卡','扇形卡','元/个',5.11,4.52,12,6,'2025-04-14 21:58:08.937920','2025-04-14 21:58:08.937920',NULL,6),
	(48,'X展架B款','X展架B款','含排版与设计',106.6,94.34,12,6,'2025-04-14 21:58:08.938203','2025-04-14 21:58:08.938203',NULL,7),
	(49,'X展架A款','X展架A款','含排版与设计',85.28,75.47,12,6,'2025-04-14 21:58:08.938527','2025-04-14 21:58:08.938527',NULL,7),
	(50,'易拉宝A款','易拉宝A款','铝合金易拉宝，含排版与设计',191.89,169.81,12,6,'2025-04-14 21:58:08.938797','2025-04-14 21:58:08.938797',NULL,7),
	(51,'易拉宝B款','易拉宝B款','铝合金易拉宝，含排版与设计',213.21,188.68,12,6,'2025-04-14 21:58:08.939121','2025-04-14 21:58:08.939121',NULL,7),
	(52,'易拉宝C款','易拉宝C款','元/套',192.1,170,12,6,'2025-04-14 21:58:08.939493','2025-04-14 21:58:08.939493',NULL,7),
	(53,'海报A款A3','海报A款A3','彩喷纸',15.99,14.15,12,6,'2025-04-14 21:58:08.939869','2025-04-14 21:58:08.939869',NULL,4),
	(54,'海报A款A2','海报A款A2','彩喷纸',24.52,21.7,12,6,'2025-04-14 21:58:08.940261','2025-04-14 21:58:08.940261',NULL,4),
	(55,'海报A款A1','海报A款A1','彩喷纸',34.11,30.19,12,6,'2025-04-14 21:58:08.940620','2025-04-14 21:58:08.940620',NULL,4),
	(56,'海报B款A3','海报B款A3','PP背胶纸',15.82,14,12,6,'2025-04-14 21:58:08.941007','2025-04-14 21:58:08.941007',NULL,4),
	(57,'海报B款A2','海报B款A2','PP背胶纸',23.73,21,12,6,'2025-04-14 21:58:08.941408','2025-04-14 21:58:08.941408',NULL,4),
	(58,'海报B款A1','海报B款A1','PP背胶纸',42.65,37.74,12,6,'2025-04-14 21:58:08.941921','2025-04-14 21:58:08.941921',NULL,4),
	(59,'海报B款A0','海报B款A0','PP背胶纸',90.61,80.19,12,6,'2025-04-14 21:58:08.942311','2025-04-14 21:58:08.942311',NULL,4),
	(60,'万次章固定款','万次章固定款','元/个',53.3,47.17,12,6,'2025-04-14 21:58:08.942650','2025-04-14 21:58:08.942650',NULL,6),
	(61,'万次章定制款','万次章定制款','元/个',53.34,47.2,12,6,'2025-04-14 21:58:08.942955','2025-04-14 21:58:08.942955',NULL,6),
	(62,'万次章特规款','万次章特规款','元/个',106.67,94.4,12,6,'2025-04-14 21:58:08.943264','2025-04-14 21:58:08.943264',NULL,6),
	(63,'回墨章','回墨章','元/个',169.5,150,12,6,'2025-04-14 21:58:08.943594','2025-04-14 21:58:08.943594',NULL,6),
	(64,'刻录A款','刻录A款','纯白光盘',10.66,9.43,12,6,'2025-04-14 21:58:08.943905','2025-04-14 21:58:08.943905',NULL,6),
	(65,'刻录B款','刻录B款','纯白光盘',10.67,9.44,12,6,'2025-04-14 21:58:08.944210','2025-04-14 21:58:08.944210',NULL,6),
	(66,'U盘A款','U盘A款','带LOGO',39.55,35,12,6,'2025-04-14 21:58:08.944500','2025-04-14 21:58:08.944500',NULL,6),
	(67,'U盘B款','U盘B款','带LOGO',50.85,45,12,6,'2025-04-14 21:58:08.944786','2025-04-14 21:58:08.944786',NULL,6),
	(68,'不干胶','不干胶','元/个',1.06,0.94,12,6,'2025-04-14 21:58:08.945117','2025-04-14 21:58:08.945117',NULL,6),
	(69,'信封7号','信封7号','7号120g 双胶纸 1000起订',1.71,1.51,12,6,'2025-04-14 21:58:08.945427','2025-04-14 21:58:08.945427',NULL,6),
	(70,'信封5号','信封5号','5号120g 双胶纸 1000起订',1.6,1.42,12,6,'2025-04-14 21:58:08.945751','2025-04-14 21:58:08.945751',NULL,6),
	(71,'信封特规','信封特规','140*210mm 80g双胶纸 1000起订',1.28,1.13,12,6,'2025-04-14 21:58:08.946070','2025-04-14 21:58:08.946070',NULL,6),
	(72,'名片','名片','100张/盒',35,30.97,12,6,'2025-04-14 21:58:08.946369','2025-04-14 21:58:08.946369',NULL,8),
	(73,'白夹25mm','白夹25mm','元/个',19.19,16.98,12,6,'2025-04-14 21:58:08.946717','2025-04-14 21:58:08.946717',NULL,6),
	(74,'白夹50mm','白夹50mm','元/个',21.32,18.87,12,6,'2025-04-14 21:58:08.947010','2025-04-14 21:58:08.947010',NULL,6),
	(75,'黑夹75mm','黑夹75mm','元/个',19.19,16.98,12,6,'2025-04-14 21:58:08.947295','2025-04-14 21:58:08.947295',NULL,6),
	(76,'白夹75mm','白夹75mm','元/个',19.19,19.81,12,6,'2025-04-14 21:58:08.947618','2025-04-14 21:58:08.947618',NULL,6),
	(77,'白夹100mm','白夹100mm','元/个',23.45,20.75,12,6,'2025-04-14 21:58:08.948007','2025-04-14 21:58:08.948007',NULL,6),
	(78,'黑夹55mm','黑夹55mm','元/个',17.06,15.09,12,6,'2025-04-14 21:58:08.948414','2025-04-14 21:58:08.948414',NULL,6),
	(79,'白夹55mm','白夹55mm','元/个',17.06,18.87,12,6,'2025-04-14 21:58:08.948757','2025-04-14 21:58:08.948757',NULL,6),
	(80,'固定款55mm','固定款55mm','元/个',22.39,17.7,12,6,'2025-04-14 21:58:08.949051','2025-04-14 21:58:08.949051',NULL,6),
	(81,'固定款75mm','固定款75mm','元/个',23.45,19.47,12,6,'2025-04-14 21:58:08.949324','2025-04-14 21:58:08.949324',NULL,6),
	(82,'指定款55mm','指定款55mm','元/个',20,17.7,12,6,'2025-04-14 21:58:08.949670','2025-04-14 21:58:08.949670',NULL,6),
	(83,'指定款75mm','指定款75mm','元/个',22,19.47,12,6,'2025-04-14 21:58:08.950022','2025-04-14 21:58:08.950022',NULL,6),
	(84,'3孔白夹25mm','3孔白夹25mm','元/个',22.39,19.81,12,6,'2025-04-14 21:58:08.950364','2025-04-14 21:58:08.950364',NULL,6),
	(85,'3孔白夹50mm','3孔白夹50mm','元/个',22.39,19.81,12,6,'2025-04-14 21:58:08.950663','2025-04-14 21:58:08.950663',NULL,6),
	(86,'4空白夹100mm','4空白夹100mm','元/个',23.45,20.75,12,6,'2025-04-14 21:58:08.950942','2025-04-14 21:58:08.950942',NULL,6),
	(87,'双孔夹','双孔夹','元/个',8.52,7.54,12,6,'2025-04-14 21:58:08.951218','2025-04-14 21:58:08.951218',NULL,6),
	(88,'伸缩夹','伸缩夹','元/个',67.8,60,12,6,'2025-04-14 21:58:08.951501','2025-04-14 21:58:08.951501',NULL,6),
	(89,'PP索引纸A款','PP索引纸A款','元/套',12.79,11.32,12,6,'2025-04-14 21:58:08.951913','2025-04-14 21:58:08.951913',NULL,7),
	(90,'PP索引纸B款','PP索引纸B款','元/套',19.19,16.98,12,6,'2025-04-14 21:58:08.952198','2025-04-14 21:58:08.952198',NULL,7),
	(91,'PP索引纸C款','PP索引纸C款',' ',23.45,20.75,12,6,'2025-04-14 21:58:08.952479','2025-04-14 21:58:08.952479',NULL,7),
	(92,'PP索引纸D款','PP索引纸D款','元/套',59.99,53.09,12,6,'2025-04-14 21:58:08.952789','2025-04-14 21:58:08.952789',NULL,7),
	(93,'纸质索引纸','纸质索引纸','元/套',15,13.27,12,6,'2025-04-14 21:58:08.953126','2025-04-14 21:58:08.953126',NULL,7),
	(94,'纯色索引纸A款','纯色索引纸A款','元/套',20,17.7,12,6,'2025-04-14 21:58:08.953403','2025-04-14 21:58:08.953403',NULL,7),
	(95,'纯色索引纸B款','纯色索引纸B款','元/套',25,22.12,12,6,'2025-04-14 21:58:08.953675','2025-04-14 21:58:08.953675',NULL,7),
	(96,'定制耳朵纸','定制耳朵纸','元/张',1.79,1.58,12,6,'2025-04-14 21:58:08.953953','2025-04-14 21:58:08.953953',NULL,4),
	(97,'耳朵纸【铜版纸】A款','耳朵纸【铜版纸】A款','250g铜版纸，正面和耳朵纸都印刷内容',3.25,2.88,12,6,'2025-04-14 21:58:08.954253','2025-04-14 21:58:08.954253',NULL,6),
	(98,'耳朵纸【铜版纸】B款','耳朵纸【铜版纸】B款','250g铜版纸，正面和耳朵纸都印刷内容',2.55,2.26,12,6,'2025-04-14 21:58:08.954559','2025-04-14 21:58:08.954559',NULL,6),
	(99,'抽杆夹','抽杆夹',' ',4.26,3.77,12,6,'2025-04-14 21:58:08.954834','2025-04-14 21:58:08.954834',NULL,2),
	(100,'夹条A款','夹条A款','夹条简装 铁圈/夹条/胶圈',5.33,4.72,12,6,'2025-04-14 21:58:08.955105','2025-04-14 21:58:08.955105',NULL,2),
	(101,'夹条B款','夹条B款','夹条简装 铁圈/夹条/胶圈',6.4,5.66,12,6,'2025-04-14 21:58:08.955393','2025-04-14 21:58:08.955393',NULL,2),
	(102,'夹条C款','夹条C款','元/本',6.4,5.66,12,6,'2025-04-14 21:58:08.955657','2025-04-14 21:58:08.955657',NULL,2),
	(103,'精装A款','精装A款','元/本',58.63,51.89,12,6,'2025-04-14 21:58:08.955916','2025-04-14 21:58:08.955916',NULL,2),
	(104,'精装B款','精装B款',' ',47.97,42.45,12,6,'2025-04-14 21:58:08.956204','2025-04-14 21:58:08.956204',NULL,2),
	(105,'11孔袋','11孔袋','元/个',0.53,0.47,12,6,'2025-04-14 21:58:08.956498','2025-04-14 21:58:08.956498',NULL,6),
	(106,'纽扣袋','纽扣袋','元/个',3.2,2.83,12,6,'2025-04-14 21:58:08.956904','2025-04-14 21:58:08.956904',NULL,6),
	(107,'长尾夹A款','长尾夹A款','元/个',1.06,0.94,12,6,'2025-04-14 21:58:08.957215','2025-04-14 21:58:08.957215',NULL,6),
	(108,'回形针','回形针','元/个',0.12,0.11,12,6,'2025-04-14 21:58:08.957544','2025-04-14 21:58:08.957544',NULL,6),
	(109,'铁环','铁环','元/个',1.32,1.17,12,6,'2025-04-14 21:58:08.957824','2025-04-14 21:58:08.957824',NULL,6),
	(110,'牛皮纸文件袋','牛皮纸文件袋','元/个',3.2,2.83,12,6,'2025-04-14 21:58:08.958110','2025-04-14 21:58:08.958110',NULL,6),
	(111,'文件盒','文件盒','5.5cm蓝色或黑色档案盒',8.53,7.55,12,6,'2025-04-14 21:58:08.958418','2025-04-14 21:58:08.958418',NULL,6),
	(112,'止滑夹条','止滑夹条','元/个',1.1,0.97,12,6,'2025-04-14 21:58:08.958705','2025-04-14 21:58:08.958705',NULL,6),
	(113,'抽杆夹','抽杆夹',' ',4.26,3.77,12,6,'2025-04-14 21:58:08.958980','2025-04-14 21:58:08.958980',NULL,2),
	(114,'档案盒A款','档案盒A款','元/个',8.52,7.54,12,6,'2025-04-14 21:58:08.959242','2025-04-14 21:58:08.959242',NULL,6),
	(115,'档案盒B款','档案盒B款','元/个',10.66,9.43,12,6,'2025-04-14 21:58:08.959493','2025-04-14 21:58:08.959493',NULL,6),
	(116,'档案盒C款','档案盒C款','元/个',12.79,11.32,12,6,'2025-04-14 21:58:08.959777','2025-04-14 21:58:08.959777',NULL,6),
	(117,'档案盒指定C款','档案盒指定C款','元/个',37.29,33,12,6,'2025-04-14 21:58:08.960036','2025-04-14 21:58:08.960036',NULL,6),
	(118,'档案盒指定B款','档案盒指定B款','元/个',37.29,33,12,6,'2025-04-14 21:58:08.960301','2025-04-14 21:58:08.960301',NULL,6),
	(119,'档案盒升级B款','档案盒升级B款','元/个',20,17.7,12,6,'2025-04-14 21:58:08.960571','2025-04-14 21:58:08.960571',NULL,6),
	(120,'档案盒升级C款','档案盒升级C款','元/个',23,20.35,12,6,'2025-04-14 21:58:08.960873','2025-04-14 21:58:08.960873',NULL,6),
	(121,'档案盒指定A1款','档案盒指定A1款','元/个',22.6,20,12,6,'2025-04-14 21:58:08.961138','2025-04-14 21:58:08.961138',NULL,6),
	(122,'档案盒指定A2款','档案盒指定A2款','元/个',22.6,20,12,6,'2025-04-14 21:58:08.961396','2025-04-14 21:58:08.961396',NULL,6),
	(123,'档案盒指定A3款','档案盒指定A3款','元/个',24.86,22,12,6,'2025-04-14 21:58:08.961660','2025-04-14 21:58:08.961660',NULL,6),
	(124,'牛皮纸档案盒A','牛皮纸档案盒A','元/个',5.65,5,12,6,'2025-04-14 21:58:08.961930','2025-04-14 21:58:08.961930',NULL,6),
	(125,'牛皮纸档案盒B','牛皮纸档案盒B','元/个',5.65,5,12,6,'2025-04-14 21:58:08.962179','2025-04-14 21:58:08.962179',NULL,6),
	(126,'牛皮纸档案盒C','牛皮纸档案盒C','元/个',8.475,7.5,12,6,'2025-04-14 21:58:08.962447','2025-04-14 21:58:08.962447',NULL,6),
	(127,'牛皮纸档案盒D','牛皮纸档案盒D','元/个',10.17,9,12,6,'2025-04-14 21:58:08.962698','2025-04-14 21:58:08.962698',NULL,6),
	(128,'扫描服务','扫描服务','元/页',0.32,0.28,12,6,'2025-04-14 21:58:08.962958','2025-04-14 21:58:08.962958',NULL,9),
	(129,'扫描增值服务','扫描增值服务','元/个',1.06,0.94,12,6,'2025-04-14 21:58:08.963218','2025-04-14 21:58:08.963218',NULL,6),
	(130,'资料册A款','资料册A款','元/个',12.79,11.32,12,6,'2025-04-14 21:58:08.963496','2025-04-14 21:58:08.963496',NULL,6),
	(131,'资料册B款','资料册B款','元/个',15.99,14.15,12,6,'2025-04-14 21:58:08.963788','2025-04-14 21:58:08.963788',NULL,6),
	(132,'资料册C款','资料册C款','元/个',25.58,22.64,12,6,'2025-04-14 21:58:08.964053','2025-04-14 21:58:08.964053',NULL,6),
	(133,'资料册D款','资料册D款','元/个',29.84,26.41,12,6,'2025-04-14 21:58:08.964294','2025-04-14 21:58:08.964294',NULL,6),
	(134,'资料册E款','资料册E款','元/个',29.84,26.41,12,6,'2025-04-14 21:58:08.964573','2025-04-14 21:58:08.964573',NULL,6),
	(135,'台牌A款','台牌A款','元/个',13.9,12.3,12,6,'2025-04-14 21:58:08.964877','2025-04-14 21:58:08.964877',NULL,6),
	(136,'台牌B款','台牌B款','元/个',25.2,22.3,12,6,'2025-04-14 21:58:08.965294','2025-04-14 21:58:08.965294',NULL,6),
	(137,'调整表格费  ','调整表格费  ','元/页',5.65,5,12,6,'2025-04-14 21:58:08.965546','2025-04-14 21:58:08.965546',NULL,9),
	(138,'邮件转格式  ','邮件转格式  ','元/页',2.26,2,12,6,'2025-04-14 21:58:08.965801','2025-04-14 21:58:08.965801',NULL,9),
	(139,'文件对比','文件对比','元/页',11.3,10,12,6,'2025-04-14 21:58:08.966044','2025-04-14 21:58:08.966044',NULL,9),
	(140,'设计费A','设计费A','元/次',56.5,50,12,6,'2025-04-14 21:58:08.966304','2025-04-14 21:58:08.966304',NULL,5),
	(141,'设计费B','设计费B','元/次',113,100,12,6,'2025-04-14 21:58:08.966564','2025-04-14 21:58:08.966564',NULL,5),
	(142,'设计费C','设计费C','元/次',169.5,150,12,6,'2025-04-14 21:58:08.966819','2025-04-14 21:58:08.966819',NULL,5),
	(143,'A5黑白双面打印','A5黑白双面打印','元/P',0.08814,0.078,12,6,'2025-04-14 21:58:08.967069','2025-04-14 21:58:08.967069',NULL,1),
	(144,'A5黑白单面打印','A5黑白单面打印','元/P',0.10848,0.096,12,6,'2025-04-14 21:58:08.967324','2025-04-14 21:58:08.967324',NULL,1),
	(145,'A5彩色双面打印','A5彩色双面打印','元/P',0.7797,0.69,12,6,'2025-04-14 21:58:08.967573','2025-04-14 21:58:08.967573',NULL,1),
	(146,'A5彩色单面打印','A5彩色单面打印','元/P',0.80795,0.715,12,6,'2025-04-14 21:58:08.967829','2025-04-14 21:58:08.967829',NULL,1),
	(147,'A3黑白单面','A3黑白单面','元/P',0.43392,0.384,12,6,'2025-04-14 21:58:08.968085','2025-04-14 21:58:08.968085',NULL,1),
	(148,'A3黑白双面','A3黑白双面','元/P',0.3503,0.31,12,6,'2025-04-14 21:58:08.968362','2025-04-14 21:58:08.968362',NULL,1),
	(149,'黑夹35mm','黑夹35mm','元/个',14.916,13.2,12,6,'2025-04-14 21:58:08.968620','2025-04-14 21:58:08.968620',NULL,6),
	(150,'袖珍卡套+吊绳','袖珍卡套+吊绳','元/个',5.65,5,12,6,'2025-04-14 21:58:08.968885','2025-04-14 21:58:08.968885',NULL,6),
	(151,'压虚线','压虚线','元/P',0.2825,0.25,12,6,'2025-04-14 21:58:08.969185','2025-04-14 21:58:08.969185',NULL,1),
	(152,'刻录C款','刻录C款','纯白光盘',4.9946,4.42,12,6,'2025-04-14 21:58:08.969450','2025-04-14 21:58:08.969450',NULL,6);

/*!40000 ALTER TABLE `product` ENABLE KEYS */;
UNLOCK TABLES;


# 转储表 product_category
# ------------------------------------------------------------

DROP TABLE IF EXISTS `product_category`;

CREATE TABLE `product_category` (
  `id` int NOT NULL AUTO_INCREMENT,
  `name` varchar(255) NOT NULL,
  `label` varchar(255) NOT NULL,
  `desc` varchar(255) NOT NULL,
  `companyId` int DEFAULT NULL,
  `userId` int DEFAULT NULL,
  `create_time` datetime(6) NOT NULL DEFAULT CURRENT_TIMESTAMP(6),
  `update_time` datetime(6) NOT NULL DEFAULT CURRENT_TIMESTAMP(6) ON UPDATE CURRENT_TIMESTAMP(6),
  PRIMARY KEY (`id`)
) ENGINE=InnoDB DEFAULT CHARSET=utf8mb4 COLLATE=utf8mb4_0900_ai_ci;

LOCK TABLES `product_category` WRITE;
/*!40000 ALTER TABLE `product_category` DISABLE KEYS */;

INSERT INTO `product_category` (`id`, `name`, `label`, `desc`, `companyId`, `userId`, `create_time`, `update_time`)
VALUES
	(1,'所有分类','1','1',12,6,'2025-04-14 21:58:08.866828','2025-04-14 22:00:33.000000');

/*!40000 ALTER TABLE `product_category` ENABLE KEYS */;
UNLOCK TABLES;


# 转储表 product_category_products_product
# ------------------------------------------------------------

DROP TABLE IF EXISTS `product_category_products_product`;

CREATE TABLE `product_category_products_product` (
  `productCategoryId` int NOT NULL,
  `productId` int NOT NULL,
  PRIMARY KEY (`productCategoryId`,`productId`),
  KEY `IDX_2a7fd1bdf725fba8c49983a5ad` (`productCategoryId`),
  KEY `IDX_5c003b979b917a726cfd5c0759` (`productId`),
  CONSTRAINT `FK_2a7fd1bdf725fba8c49983a5add` FOREIGN KEY (`productCategoryId`) REFERENCES `product_category` (`id`) ON DELETE CASCADE ON UPDATE CASCADE,
  CONSTRAINT `FK_5c003b979b917a726cfd5c07598` FOREIGN KEY (`productId`) REFERENCES `product` (`id`) ON DELETE CASCADE ON UPDATE CASCADE
) ENGINE=InnoDB DEFAULT CHARSET=utf8mb4 COLLATE=utf8mb4_0900_ai_ci;

LOCK TABLES `product_category_products_product` WRITE;
/*!40000 ALTER TABLE `product_category_products_product` DISABLE KEYS */;

INSERT INTO `product_category_products_product` (`productCategoryId`, `productId`)
VALUES
	(1,1),
	(1,2),
	(1,3),
	(1,4),
	(1,5),
	(1,6),
	(1,7),
	(1,8),
	(1,9),
	(1,10),
	(1,11),
	(1,12),
	(1,13),
	(1,14),
	(1,15),
	(1,16),
	(1,17),
	(1,18),
	(1,19),
	(1,20),
	(1,21),
	(1,22),
	(1,23),
	(1,24),
	(1,25),
	(1,26),
	(1,27),
	(1,28),
	(1,29),
	(1,30),
	(1,31),
	(1,32),
	(1,33),
	(1,34),
	(1,35),
	(1,36),
	(1,37),
	(1,38),
	(1,39),
	(1,40),
	(1,41),
	(1,42),
	(1,43),
	(1,44),
	(1,45),
	(1,46),
	(1,47),
	(1,48),
	(1,49),
	(1,50),
	(1,51),
	(1,52),
	(1,53),
	(1,54),
	(1,55),
	(1,56),
	(1,57),
	(1,58),
	(1,59),
	(1,60),
	(1,61),
	(1,62),
	(1,63),
	(1,64),
	(1,65),
	(1,66),
	(1,67),
	(1,68),
	(1,69),
	(1,70),
	(1,71),
	(1,72),
	(1,73),
	(1,74),
	(1,75),
	(1,76),
	(1,77),
	(1,78),
	(1,79),
	(1,80),
	(1,81),
	(1,82),
	(1,83),
	(1,84),
	(1,85),
	(1,86),
	(1,87),
	(1,88),
	(1,89),
	(1,90),
	(1,91),
	(1,92),
	(1,93),
	(1,94),
	(1,95),
	(1,96),
	(1,97),
	(1,98),
	(1,99),
	(1,100),
	(1,101),
	(1,102),
	(1,103),
	(1,104),
	(1,105),
	(1,106),
	(1,107),
	(1,108),
	(1,109),
	(1,110),
	(1,111),
	(1,112),
	(1,113),
	(1,114),
	(1,115),
	(1,116),
	(1,117),
	(1,118),
	(1,119),
	(1,120),
	(1,121),
	(1,122),
	(1,123),
	(1,124),
	(1,125),
	(1,126),
	(1,127),
	(1,128),
	(1,129),
	(1,130),
	(1,131),
	(1,132),
	(1,133),
	(1,134),
	(1,135),
	(1,136),
	(1,137),
	(1,138),
	(1,139),
	(1,140),
	(1,141),
	(1,142),
	(1,143),
	(1,144),
	(1,145),
	(1,146),
	(1,147),
	(1,148),
	(1,149),
	(1,150),
	(1,151),
	(1,152);

/*!40000 ALTER TABLE `product_category_products_product` ENABLE KEYS */;
UNLOCK TABLES;


# 转储表 product_price
# ------------------------------------------------------------

DROP TABLE IF EXISTS `product_price`;

CREATE TABLE `product_price` (
  `id` int NOT NULL AUTO_INCREMENT,
  `price` float NOT NULL,
  `discount` int NOT NULL DEFAULT '100',
  `create_time` datetime(6) NOT NULL DEFAULT CURRENT_TIMESTAMP(6),
  `update_time` datetime(6) NOT NULL DEFAULT CURRENT_TIMESTAMP(6) ON UPDATE CURRENT_TIMESTAMP(6),
  `productId` int DEFAULT NULL,
  `customerId` int DEFAULT NULL,
  PRIMARY KEY (`id`),
  KEY `FK_a164b9a56be4eb93c942ae5e986` (`productId`),
  KEY `FK_79f8e2e404dc39131f8c031fc54` (`customerId`),
  CONSTRAINT `FK_79f8e2e404dc39131f8c031fc54` FOREIGN KEY (`customerId`) REFERENCES `customer` (`id`),
  CONSTRAINT `FK_a164b9a56be4eb93c942ae5e986` FOREIGN KEY (`productId`) REFERENCES `product` (`id`)
) ENGINE=InnoDB DEFAULT CHARSET=utf8mb4 COLLATE=utf8mb4_0900_ai_ci;

LOCK TABLES `product_price` WRITE;
/*!40000 ALTER TABLE `product_price` DISABLE KEYS */;

INSERT INTO `product_price` (`id`, `price`, `discount`, `create_time`, `update_time`, `productId`, `customerId`)
VALUES
	(8,0.18,80,'2025-04-14 22:27:11.294955','2025-04-14 22:27:11.294955',2,3);

/*!40000 ALTER TABLE `product_price` ENABLE KEYS */;
UNLOCK TABLES;


# 转储表 product_unit
# ------------------------------------------------------------

DROP TABLE IF EXISTS `product_unit`;

CREATE TABLE `product_unit` (
  `id` int NOT NULL AUTO_INCREMENT,
  `name` varchar(255) NOT NULL,
  `label` varchar(255) NOT NULL,
  `desc` varchar(255) NOT NULL,
  `companyId` int DEFAULT NULL,
  `userId` int DEFAULT NULL,
  `create_time` datetime(6) NOT NULL DEFAULT CURRENT_TIMESTAMP(6),
  `update_time` datetime(6) NOT NULL DEFAULT CURRENT_TIMESTAMP(6) ON UPDATE CURRENT_TIMESTAMP(6),
  PRIMARY KEY (`id`)
) ENGINE=InnoDB DEFAULT CHARSET=utf8mb4 COLLATE=utf8mb4_0900_ai_ci;

LOCK TABLES `product_unit` WRITE;
/*!40000 ALTER TABLE `product_unit` DISABLE KEYS */;

INSERT INTO `product_unit` (`id`, `name`, `label`, `desc`, `companyId`, `userId`, `create_time`, `update_time`)
VALUES
	(1,'元/P','元/P','元/P',12,6,'2025-04-14 21:58:08.861989','2025-04-14 21:58:08.861989'),
	(2,'元/本','元/本','元/本',12,6,'2025-04-14 21:58:08.878516','2025-04-14 21:58:08.878516'),
	(3,'元/根','元/根','元/根',12,6,'2025-04-14 21:58:08.882581','2025-04-14 21:58:08.882581'),
	(4,'元/张','元/张','元/张',12,6,'2025-04-14 21:58:08.885087','2025-04-14 21:58:08.885087'),
	(5,'元/次','元/次','元/次',12,6,'2025-04-14 21:58:08.888694','2025-04-14 21:58:08.888694'),
	(6,'元/个','元/个','元/个',12,6,'2025-04-14 21:58:08.889932','2025-04-14 21:58:08.889932'),
	(7,'元/套','元/套','元/套',12,6,'2025-04-14 21:58:08.892109','2025-04-14 21:58:08.892109'),
	(8,'元/盒','元/盒','元/盒',12,6,'2025-04-14 21:58:08.901292','2025-04-14 21:58:08.901292'),
	(9,'元/页','元/页','元/页',12,6,'2025-04-14 21:58:08.914769','2025-04-14 21:58:08.914769');

/*!40000 ALTER TABLE `product_unit` ENABLE KEYS */;
UNLOCK TABLES;


# 转储表 role
# ------------------------------------------------------------

DROP TABLE IF EXISTS `role`;

CREATE TABLE `role` (
  `id` int NOT NULL AUTO_INCREMENT,
  `name` varchar(255) NOT NULL,
  `label` varchar(255) NOT NULL,
  `desc` varchar(255) NOT NULL,
  `order` int NOT NULL,
  `status` int NOT NULL,
  `create_time` datetime(6) NOT NULL DEFAULT CURRENT_TIMESTAMP(6),
  `update_time` datetime(6) NOT NULL DEFAULT CURRENT_TIMESTAMP(6) ON UPDATE CURRENT_TIMESTAMP(6),
  `deletedDate` datetime(6) DEFAULT NULL,
  PRIMARY KEY (`id`)
) ENGINE=InnoDB DEFAULT CHARSET=utf8mb4 COLLATE=utf8mb4_0900_ai_ci;

LOCK TABLES `role` WRITE;
/*!40000 ALTER TABLE `role` DISABLE KEYS */;

INSERT INTO `role` (`id`, `name`, `label`, `desc`, `order`, `status`, `create_time`, `update_time`, `deletedDate`)
VALUES
	(1,'超级管理员','admin','Super Admin',1,1,'2025-03-08 11:41:28.958972','2025-03-12 15:57:49.000000',NULL),
	(2,'基础版用户','user','基础版本用户',2,1,'2025-03-08 11:41:28.960698','2025-04-01 10:53:29.000000',NULL);

/*!40000 ALTER TABLE `role` ENABLE KEYS */;
UNLOCK TABLES;


# 转储表 role_menus_menu
# ------------------------------------------------------------

DROP TABLE IF EXISTS `role_menus_menu`;

CREATE TABLE `role_menus_menu` (
  `roleId` int NOT NULL,
  `menuId` int NOT NULL,
  PRIMARY KEY (`roleId`,`menuId`),
  KEY `IDX_eec9c5cb17157b2294fd9f0edb` (`roleId`),
  KEY `IDX_f1adc6be166630ee2476d7bbf0` (`menuId`),
  CONSTRAINT `FK_eec9c5cb17157b2294fd9f0edbf` FOREIGN KEY (`roleId`) REFERENCES `role` (`id`) ON DELETE CASCADE ON UPDATE CASCADE,
  CONSTRAINT `FK_f1adc6be166630ee2476d7bbf09` FOREIGN KEY (`menuId`) REFERENCES `menu` (`id`) ON DELETE CASCADE ON UPDATE CASCADE
) ENGINE=InnoDB DEFAULT CHARSET=utf8mb4 COLLATE=utf8mb4_0900_ai_ci;

LOCK TABLES `role_menus_menu` WRITE;
/*!40000 ALTER TABLE `role_menus_menu` DISABLE KEYS */;

INSERT INTO `role_menus_menu` (`roleId`, `menuId`)
VALUES
	(1,1),
	(1,4),
	(1,8),
	(1,10),
	(1,11),
	(1,12),
	(1,50),
	(1,51),
	(1,52),
	(1,53),
	(1,54),
	(1,56),
	(1,57),
	(1,59),
	(1,60),
	(2,1),
	(2,50),
	(2,51),
	(2,52),
	(2,53),
	(2,54),
	(2,57),
	(2,59),
	(2,60);

/*!40000 ALTER TABLE `role_menus_menu` ENABLE KEYS */;
UNLOCK TABLES;


# 转储表 template
# ------------------------------------------------------------

DROP TABLE IF EXISTS `template`;

CREATE TABLE `template` (
  `id` int NOT NULL AUTO_INCREMENT,
  `name` varchar(255) NOT NULL,
  `desc` varchar(255) NOT NULL DEFAULT '',
  `status` int NOT NULL DEFAULT '0',
  `companyId` int DEFAULT NULL,
  `userId` int DEFAULT NULL,
  `create_time` datetime(6) NOT NULL DEFAULT CURRENT_TIMESTAMP(6),
  `update_time` datetime(6) NOT NULL DEFAULT CURRENT_TIMESTAMP(6) ON UPDATE CURRENT_TIMESTAMP(6),
  `deletedDate` datetime(6) DEFAULT NULL,
  PRIMARY KEY (`id`)
) ENGINE=InnoDB DEFAULT CHARSET=utf8mb4 COLLATE=utf8mb4_0900_ai_ci;

LOCK TABLES `template` WRITE;
/*!40000 ALTER TABLE `template` DISABLE KEYS */;

INSERT INTO `template` (`id`, `name`, `desc`, `status`, `companyId`, `userId`, `create_time`, `update_time`, `deletedDate`)
VALUES
	(1,'胶装本','胶装本',1,12,6,'2025-04-14 22:04:52.052140','2025-04-14 22:04:52.052140',NULL),
	(2,'圈装本','圈装本',1,12,6,'2025-04-14 22:05:34.895800','2025-04-14 22:05:34.895800',NULL);

/*!40000 ALTER TABLE `template` ENABLE KEYS */;
UNLOCK TABLES;


# 转储表 template_category
# ------------------------------------------------------------

DROP TABLE IF EXISTS `template_category`;

CREATE TABLE `template_category` (
  `id` int NOT NULL AUTO_INCREMENT,
  `name` varchar(255) NOT NULL DEFAULT '',
  `templateId` int DEFAULT NULL,
  `create_time` datetime(6) NOT NULL DEFAULT CURRENT_TIMESTAMP(6),
  `update_time` datetime(6) NOT NULL DEFAULT CURRENT_TIMESTAMP(6) ON UPDATE CURRENT_TIMESTAMP(6),
  PRIMARY KEY (`id`)
) ENGINE=InnoDB DEFAULT CHARSET=utf8mb4 COLLATE=utf8mb4_0900_ai_ci;

LOCK TABLES `template_category` WRITE;
/*!40000 ALTER TABLE `template_category` DISABLE KEYS */;

INSERT INTO `template_category` (`id`, `name`, `templateId`, `create_time`, `update_time`)
VALUES
	(2,'圈装本',2,'2025-04-14 22:05:34.898520','2025-04-14 22:05:34.898520'),
	(3,'胶装本',1,'2025-04-14 22:20:00.039968','2025-04-14 22:20:00.039968');

/*!40000 ALTER TABLE `template_category` ENABLE KEYS */;
UNLOCK TABLES;


# 转储表 template_category_product
# ------------------------------------------------------------

DROP TABLE IF EXISTS `template_category_product`;

CREATE TABLE `template_category_product` (
  `id` int NOT NULL AUTO_INCREMENT,
  `templateId` int DEFAULT NULL,
  `price` float NOT NULL DEFAULT '0',
  `count` int NOT NULL DEFAULT '0',
  `times` int NOT NULL DEFAULT '0',
  `create_time` datetime(6) NOT NULL DEFAULT CURRENT_TIMESTAMP(6),
  `update_time` datetime(6) NOT NULL DEFAULT CURRENT_TIMESTAMP(6) ON UPDATE CURRENT_TIMESTAMP(6),
  `templateCategoryId` int DEFAULT NULL,
  `productCategoryId` int DEFAULT NULL,
  `productId` int DEFAULT NULL,
  PRIMARY KEY (`id`),
  KEY `FK_db4ba3786339b8261c4c7d36a37` (`templateCategoryId`),
  KEY `FK_ed8f2d088815a1641ab9d618480` (`productCategoryId`),
  KEY `FK_8ed1722c11c0ddc24827211b85f` (`productId`),
  CONSTRAINT `FK_8ed1722c11c0ddc24827211b85f` FOREIGN KEY (`productId`) REFERENCES `product` (`id`),
  CONSTRAINT `FK_db4ba3786339b8261c4c7d36a37` FOREIGN KEY (`templateCategoryId`) REFERENCES `template_category` (`id`),
  CONSTRAINT `FK_ed8f2d088815a1641ab9d618480` FOREIGN KEY (`productCategoryId`) REFERENCES `product_category` (`id`)
) ENGINE=InnoDB DEFAULT CHARSET=utf8mb4 COLLATE=utf8mb4_0900_ai_ci;

LOCK TABLES `template_category_product` WRITE;
/*!40000 ALTER TABLE `template_category_product` DISABLE KEYS */;

INSERT INTO `template_category_product` (`id`, `templateId`, `price`, `count`, `times`, `create_time`, `update_time`, `templateCategoryId`, `productCategoryId`, `productId`)
VALUES
	(4,2,0.79,2,1,'2025-04-14 22:05:34.900297','2025-04-14 22:05:34.000000',2,1,31),
	(5,2,0.18,1,1,'2025-04-14 22:05:34.903377','2025-04-14 22:05:34.903377',2,1,2),
	(6,2,5.33,1,1,'2025-04-14 22:05:34.905913','2025-04-14 22:05:34.905913',2,1,28),
	(7,1,3.2,1,1,'2025-04-14 22:20:00.042365','2025-04-14 22:20:00.000000',3,1,11),
	(8,1,0.18,1,1,'2025-04-14 22:20:00.043779','2025-04-14 22:20:00.043779',3,1,2),
	(9,1,11.53,1,1,'2025-04-14 22:20:00.044815','2025-04-14 22:20:00.044815',3,1,22);

/*!40000 ALTER TABLE `template_category_product` ENABLE KEYS */;
UNLOCK TABLES;




# 转储表 typeorm_metadata
# ------------------------------------------------------------

DROP TABLE IF EXISTS `typeorm_metadata`;

CREATE TABLE `typeorm_metadata` (
  `type` varchar(255) NOT NULL,
  `database` varchar(255) DEFAULT NULL,
  `schema` varchar(255) DEFAULT NULL,
  `table` varchar(255) DEFAULT NULL,
  `name` varchar(255) DEFAULT NULL,
  `value` text
) ENGINE=InnoDB DEFAULT CHARSET=utf8mb4 COLLATE=utf8mb4_0900_ai_ci;

LOCK TABLES `typeorm_metadata` WRITE;
/*!40000 ALTER TABLE `typeorm_metadata` DISABLE KEYS */;

INSERT INTO `typeorm_metadata` (`type`, `database`, `schema`, `table`, `name`, `value`)
VALUES
	('VIEW',NULL,'bill_zg',NULL,'total_amount_view','select `order`.`customerId`, \n          `order`.`companyId`, \n          `customer`.`fullname`, \n          `order`.`status`, \n          `order`.`no`, \n          `order`.`create_time` as `createTime`,\n          `order`.`totalPrice`\n          from order_entity as `order`\n          inner join customer as `customer` on `order`.`customerId` = `customer`.`id`\n          where `order`.`delete_time` is NULL'),
	('VIEW',NULL,'bill_zg',NULL,'total_amount_view','select `order`.`customerId`, \n          `order`.`companyId`, \n          `customer`.`fullname`, \n          `order`.`status`, \n          `order`.`no`, \n          `order`.`create_time` as `createTime`,\n          `order`.`totalPrice`\n          from order_entity as `order`\n          inner join customer as `customer` on `order`.`customerId` = `customer`.`id`\n          where `order`.`delete_time` is NULL');

/*!40000 ALTER TABLE `typeorm_metadata` ENABLE KEYS */;
UNLOCK TABLES;


# 转储表 user
# ------------------------------------------------------------

DROP TABLE IF EXISTS `user`;

CREATE TABLE `user` (
  `id` int NOT NULL AUTO_INCREMENT,
  `fullname` varchar(255) NOT NULL,
  `companyId` int DEFAULT NULL,
  `email` varchar(255) NOT NULL,
  `password` varchar(255) NOT NULL,
  `avatar` varchar(255) NOT NULL,
  `address` varchar(255) NOT NULL,
  `phone` varchar(255) NOT NULL,
  `roleId` int DEFAULT NULL,
  `isActive` tinyint NOT NULL DEFAULT '1',
  `validateDate` int NOT NULL DEFAULT '30',
  `create_time` datetime(6) NOT NULL DEFAULT CURRENT_TIMESTAMP(6),
  `update_time` datetime(6) NOT NULL DEFAULT CURRENT_TIMESTAMP(6) ON UPDATE CURRENT_TIMESTAMP(6),
  `deletedDate` datetime(6) DEFAULT NULL,
  `Abbreviation` varchar(255) NOT NULL DEFAULT '',
  PRIMARY KEY (`id`),
  UNIQUE KEY `IDX_c12537c5ea29a60dbeb6319e64` (`email`,`fullname`),
  KEY `FK_c28e52f758e7bbc53828db92194` (`roleId`),
  KEY `FK_86586021a26d1180b0968f98502` (`companyId`),
  CONSTRAINT `FK_86586021a26d1180b0968f98502` FOREIGN KEY (`companyId`) REFERENCES `company` (`id`),
  CONSTRAINT `FK_c28e52f758e7bbc53828db92194` FOREIGN KEY (`roleId`) REFERENCES `role` (`id`)
) ENGINE=InnoDB DEFAULT CHARSET=utf8mb4 COLLATE=utf8mb4_0900_ai_ci;

LOCK TABLES `user` WRITE;
/*!40000 ALTER TABLE `user` DISABLE KEYS */;

INSERT INTO `user` (`id`, `fullname`, `companyId`, `email`, `password`, `avatar`, `address`, `phone`, `roleId`, `isActive`, `validateDate`, `create_time`, `update_time`, `deletedDate`, `Abbreviation`)
VALUES
	(1,'管理员',10,'nick@126.com','512ab25c35d7fc5862b7371339b8037d8b857f93a9b7002906560ca61a438b7a','','ceshi','13564548667',1,1,30,'2025-03-13 00:18:29.400890','2025-04-05 20:38:30.416096',NULL,''),
	(2,'测试人员',11,'nick1@126.com','512ab25c35d7fc5862b7371339b8037d8b857f93a9b7002906560ca61a438b7a','','ceshi','13564548667',2,1,30,'2025-03-13 00:18:29.403541','2025-04-14 17:35:41.000000',NULL,''),
	(6,'翟彦',12,'zy@126.com','512ab25c35d7fc5862b7371339b8037d8b857f93a9b7002906560ca61a438b7a',' ',' ','13564548667',2,1,30,'2025-04-14 21:19:22.915614','2025-04-14 21:19:22.915614',NULL,'');

/*!40000 ALTER TABLE `user` ENABLE KEYS */;
UNLOCK TABLES;


# 导出视图 total_amount_view
# ------------------------------------------------------------

DROP TABLE IF EXISTS `total_amount_view`; DROP VIEW IF EXISTS `total_amount_view`;

CREATE ALGORITHM=UNDEFINED DEFINER=`root`@`localhost` SQL SECURITY DEFINER VIEW `total_amount_view`
AS SELECT
   `order`.`customerId` AS `customerId`,
   `order`.`companyId` AS `companyId`,
   `customer`.`fullname` AS `fullname`,
   `order`.`status` AS `status`,
   `order`.`no` AS `no`,
   `order`.`create_time` AS `createTime`,
   `order`.`totalPrice` AS `totalPrice`
FROM (`order_entity` `order` join `customer` on((`order`.`customerId` = `customer`.`id`))) where (`order`.`delete_time` is null);


/*!40111 SET SQL_NOTES=@OLD_SQL_NOTES */;
/*!40101 SET SQL_MODE=@OLD_SQL_MODE */;
/*!40014 SET FOREIGN_KEY_CHECKS=@OLD_FOREIGN_KEY_CHECKS */;
/*!40101 SET CHARACTER_SET_CLIENT=@OLD_CHARACTER_SET_CLIENT */;
/*!40101 SET CHARACTER_SET_RESULTS=@OLD_CHARACTER_SET_RESULTS */;
/*!40101 SET COLLATION_CONNECTION=@OLD_COLLATION_CONNECTION */;
